id,plot,block,location,locationAbb,locationYear,latitude,longitude,riverkm,distanceRiver,MEM1_2017,MEM2_2018,MEM1_2019,MEM1_2021,MEM2_2021,surveyYear,constructionYear,plotAge,exposition,side,PC1soil,PC2soil,PC3soil,PC1constructionYear,PC2constructionYear,PC3constructionYear,accumulatedCov,speciesRichness,botanist,conf.low,conf.high
X01_m_2017,1,1,Parkstetten-Reibersdorf,PAR,PAR-2008,5418661,4543914,2318,190.6,-0.742804489,NA,NA,NA,NA,2017,2008,9,south,water,-0.1715,0.4525,-0.4211,-0.7514,-0.1115,0.3944,83.7,23,Jakob_Huber_Simon_Reith_Jakob_Strak,1,1
X01_m_2018,1,1,Parkstetten-Reibersdorf,PAR,PAR-2008,5418661,4543914,2318,190.6,NA,-0.406786107,NA,NA,NA,2018,2008,10,south,water,-0.1715,0.4525,-0.4211,-0.7514,-0.1115,0.3944,89.7,26,Jakob_Huber,2,2
X01_m_2019,1,1,Parkstetten-Reibersdorf,PAR,PAR-2008,5418661,4543914,2318,190.6,NA,NA,-0.742804489,NA,NA,2019,2008,11,south,water,-0.1715,0.4525,-0.4211,-0.7514,-0.1115,0.3944,92.9,32,Jakob_Huber_Linda_Weggler,3,3
X01_m_2021,1,1,Parkstetten-Reibersdorf,PAR,PAR-2008,5418661,4543914,2318,190.6,NA,NA,NA,-0.742804489,-0.406786107,2021,2008,13,south,water,-0.1715,0.4525,-0.4211,-0.7514,-0.1115,0.3944,80.8,29,Markus Bauer,4,4
X02_m_2017,2,1,Parkstetten-Reibersdorf,PAR,PAR-2008,5418670,4543912,2318,199.6,-0.74278652,NA,NA,NA,NA,2017,2008,9,north,land,0.4911,0.5392,0.2612,-0.7514,-0.1115,0.3944,36.9,40,Jakob_Huber_Simon_Reith_Jakob_Strak,5,5
X02_m_2018,2,1,Parkstetten-Reibersdorf,PAR,PAR-2008,5418670,4543912,2318,199.6,NA,-0.406804575,NA,NA,NA,2018,2008,10,north,land,0.4911,0.5392,0.2612,-0.7514,-0.1115,0.3944,68.5,35,Jakob_Huber,6,6
X02_m_2019,2,1,Parkstetten-Reibersdorf,PAR,PAR-2008,5418670,4543912,2318,199.6,NA,NA,-0.74278652,NA,NA,2019,2008,11,north,land,0.4911,0.5392,0.2612,-0.7514,-0.1115,0.3944,103.8,41,Jakob_Huber_Linda_Weggler,7,7
X02_m_2021,2,1,Parkstetten-Reibersdorf,PAR,PAR-2008,5418670,4543912,2318,199.6,NA,NA,NA,-0.74278652,-0.406804575,2021,2008,13,north,land,0.4911,0.5392,0.2612,-0.7514,-0.1115,0.3944,73,44,Markus Bauer,8,8
X03_m_2017,3,2,Parkstetten-Reibersdorf,PAR,PAR-2008,5418627,4544901,2317,511.1,-0.875584286,NA,NA,NA,NA,2017,2008,9,south,water,0.3988,0.9092,-0.0176,-0.7514,-0.1115,0.3944,80.1,32,Jakob_Huber_Simon_Reith_Jakob_Strak,9,9
X03_m_2018,3,2,Parkstetten-Reibersdorf,PAR,PAR-2008,5418627,4544901,2317,511.1,NA,-0.060460906,NA,NA,NA,2018,2008,10,south,water,0.3988,0.9092,-0.0176,-0.7514,-0.1115,0.3944,68.6,24,Jakob_Huber,10,10
X03_m_2019,3,2,Parkstetten-Reibersdorf,PAR,PAR-2008,5418627,4544901,2317,511.1,NA,NA,-0.875584286,NA,NA,2019,2008,11,south,water,0.3988,0.9092,-0.0176,-0.7514,-0.1115,0.3944,70.1,29,Jakob_Huber_Linda_Weggler,11,11
X03_m_2021,3,2,Parkstetten-Reibersdorf,PAR,PAR-2008,5418627,4544901,2317,511.1,NA,NA,NA,-0.875584286,-0.060460906,2021,2008,13,south,water,0.3988,0.9092,-0.0176,-0.7514,-0.1115,0.3944,42.9,24,Markus Bauer,12,12
X04_m_2017,4,2,Parkstetten-Reibersdorf,PAR,PAR-2008,5418639,4544901,2317,520.4,-0.87556282,NA,NA,NA,NA,2017,2008,9,north,land,1.1897,0.4808,0.5396,-0.7514,-0.1115,0.3944,52.7,30,Jakob_Huber_Simon_Reith_Jakob_Strak,13,13
X04_m_2018,4,2,Parkstetten-Reibersdorf,PAR,PAR-2008,5418639,4544901,2317,520.4,NA,-0.060496322,NA,NA,NA,2018,2008,10,north,land,1.1897,0.4808,0.5396,-0.7514,-0.1115,0.3944,85.3,31,Jakob_Huber,14,14
X04_m_2019,4,2,Parkstetten-Reibersdorf,PAR,PAR-2008,5418639,4544901,2317,520.4,NA,NA,-0.87556282,NA,NA,2019,2008,11,north,land,1.1897,0.4808,0.5396,-0.7514,-0.1115,0.3944,75.5,31,Jakob_Huber_Linda_Weggler,15,15
X04_m_2021,4,2,Parkstetten-Reibersdorf,PAR,PAR-2008,5418639,4544901,2317,520.4,NA,NA,NA,-0.87556282,-0.060496322,2021,2008,13,north,land,1.1897,0.4808,0.5396,-0.7514,-0.1115,0.3944,51.9,25,Markus Bauer,16,16
X05_m_2017,5,3,Oebling,OEB,OEB-2012,5418126,4545832,2316,229.1,-0.913190164,NA,NA,NA,NA,2017,2012,5,south,water,-0.5576,0.9911,-0.443,1.1355,-0.0252,0.6262,87.4,31,Jakob_Huber_Simon_Reith_Jakob_Strak,17,17
X05_m_2018,5,3,Oebling,OEB,OEB-2012,5418126,4545832,2316,229.1,NA,0.106881677,NA,NA,NA,2018,2012,6,south,water,-0.5576,0.9911,-0.443,1.1355,-0.0252,0.6262,32.8,14,Jakob_Huber,18,18
X05_m_2019,5,3,Oebling,OEB,OEB-2012,5418126,4545832,2316,229.1,NA,NA,-0.913190164,NA,NA,2019,2012,7,south,water,-0.5576,0.9911,-0.443,1.1355,-0.0252,0.6262,97,14,Jakob_Huber_Linda_Weggler,19,19
X05_m_2021,5,3,Oebling,OEB,OEB-2012,5418126,4545832,2316,229.1,NA,NA,NA,-0.913190164,0.106881677,2021,2012,9,south,water,-0.5576,0.9911,-0.443,1.1355,-0.0252,0.6262,31.1,9,Markus Bauer,20,20
X06_m_2017,6,3,Oebling,OEB,OEB-2012,5418139,4545833,2316,222.9,-0.913174971,NA,NA,NA,NA,2017,2012,5,north,land,-0.3712,0.9787,-0.94,1.1355,-0.0252,0.6262,67.6,20,Jakob_Huber_Simon_Reith_Jakob_Strak,21,21
X06_m_2018,6,3,Oebling,OEB,OEB-2012,5418139,4545833,2316,222.9,NA,0.106844502,NA,NA,NA,2018,2012,6,north,land,-0.3712,0.9787,-0.94,1.1355,-0.0252,0.6262,102.1,28,Jakob_Huber,22,22
X06_m_2019,6,3,Oebling,OEB,OEB-2012,5418139,4545833,2316,222.9,NA,NA,-0.913174971,NA,NA,2019,2012,7,north,land,-0.3712,0.9787,-0.94,1.1355,-0.0252,0.6262,115.6,27,Jakob_Huber_Linda_Weggler,23,23
X06_m_2021,6,3,Oebling,OEB,OEB-2012,5418139,4545833,2316,222.9,NA,NA,NA,-0.913174971,0.106844502,2021,2012,9,north,land,-0.3712,0.9787,-0.94,1.1355,-0.0252,0.6262,74.7,36,Markus Bauer,24,24
X09_m_2017,9,5,Oebling,OEB,OEB-2010,5417317,4546913,2314,1537.9,-0.917537434,NA,NA,NA,NA,2017,2010,7,south,water,-0.6301,-0.5532,0.7111,-0.7785,-0.4666,-0.7891,44.5,12,Jakob_Huber_Leonardo_Teixeira,33,33
X09_m_2018,9,5,Oebling,OEB,OEB-2010,5417317,4546913,2314,1537.9,NA,0.118569174,NA,NA,NA,2018,2010,8,south,water,-0.6301,-0.5532,0.7111,-0.7785,-0.4666,-0.7891,38.5,3,Jakob_Huber,34,34
X09_m_2019,9,5,Oebling,OEB,OEB-2010,5417317,4546913,2314,1537.9,NA,NA,-0.917537434,NA,NA,2019,2010,9,south,water,-0.6301,-0.5532,0.7111,-0.7785,-0.4666,-0.7891,66.5,9,Jakob_Huber_Linda_Weggler,35,35
X09_m_2021,9,5,Oebling,OEB,OEB-2010,5417317,4546913,2314,1537.9,NA,NA,NA,-0.917537434,0.118569174,2021,2010,11,south,water,-0.6301,-0.5532,0.7111,-0.7785,-0.4666,-0.7891,67,7,Markus Bauer,36,36
X10_m_2017,10,5,Oebling,OEB,OEB-2010,5417329,4546909,2314,1526.4,-0.917518963,NA,NA,NA,NA,2017,2010,7,north,land,-0.5756,-0.7487,0.7457,-0.7785,-0.4666,-0.7891,69.8,30,Jakob_Huber_Leonardo_Teixeira,37,37
X10_m_2018,10,5,Oebling,OEB,OEB-2010,5417329,4546909,2314,1526.4,NA,0.118500107,NA,NA,NA,2018,2010,8,north,land,-0.5756,-0.7487,0.7457,-0.7785,-0.4666,-0.7891,64.5,24,Jakob_Huber,38,38
X10_m_2019,10,5,Oebling,OEB,OEB-2010,5417329,4546909,2314,1526.4,NA,NA,-0.917518963,NA,NA,2019,2010,9,north,land,-0.5756,-0.7487,0.7457,-0.7785,-0.4666,-0.7891,57.5,21,Jakob_Huber_Linda_Weggler,39,39
X10_m_2021,10,5,Oebling,OEB,OEB-2010,5417329,4546909,2314,1526.4,NA,NA,NA,-0.917518963,0.118500107,2021,2010,11,north,land,-0.5756,-0.7487,0.7457,-0.7785,-0.4666,-0.7891,75,23,Markus Bauer,40,40
X11_m_2017,11,6,Oebling,OEB,OEB-2010,5417431,4546311,2315,1010.1,-0.915653831,NA,NA,NA,NA,2017,2010,7,north,water,0.755,-0.2805,0.5257,-0.7785,-0.4666,-0.7891,116.5,38,Jakob_Huber_Leonardo_Teixeira,41,41
X11_m_2018,11,6,Oebling,OEB,OEB-2010,5417431,4546311,2315,1010.1,NA,0.113272003,NA,NA,NA,2018,2010,8,north,water,0.755,-0.2805,0.5257,-0.7785,-0.4666,-0.7891,83.2,27,Jakob_Huber,42,42
X11_m_2019,11,6,Oebling,OEB,OEB-2010,5417431,4546311,2315,1010.1,NA,NA,-0.915653831,NA,NA,2019,2010,9,north,water,0.755,-0.2805,0.5257,-0.7785,-0.4666,-0.7891,94,35,Jakob_Huber_Linda_Weggler,43,43
X11_m_2021,11,6,Oebling,OEB,OEB-2010,5417431,4546311,2315,1010.1,NA,NA,NA,-0.915653831,0.113272003,2021,2010,11,north,water,0.755,-0.2805,0.5257,-0.7785,-0.4666,-0.7891,71,32,Markus Bauer,44,44
X12_m_2017,12,6,Oebling,OEB,OEB-2010,5417420,4546311,2315,1016.7,-0.915662021,NA,NA,NA,NA,2017,2010,7,south,land,0.2399,-1.0336,0.6747,-0.7785,-0.4666,-0.7891,34.6,16,Jakob_Huber_Leonardo_Teixeira,45,45
X12_m_2018,12,6,Oebling,OEB,OEB-2010,5417420,4546311,2315,1016.7,NA,0.113306443,NA,NA,NA,2018,2010,8,south,land,0.2399,-1.0336,0.6747,-0.7785,-0.4666,-0.7891,24.9,12,Jakob_Huber,46,46
X12_m_2019,12,6,Oebling,OEB,OEB-2010,5417420,4546311,2315,1016.7,NA,NA,-0.915662021,NA,NA,2019,2010,9,south,land,0.2399,-1.0336,0.6747,-0.7785,-0.4666,-0.7891,59.6,17,Jakob_Huber_Linda_Weggler,47,47
X12_m_2021,12,6,Oebling,OEB,OEB-2010,5417420,4546311,2315,1016.7,NA,NA,NA,-0.915662021,0.113306443,2021,2010,11,south,land,0.2399,-1.0336,0.6747,-0.7785,-0.4666,-0.7891,52.1,11,Markus Bauer,48,48
X13_m_2017,13,7,Oebling,OEB,OEB-2006,5418241,4547375,2314,624.3,-0.917655186,NA,NA,NA,NA,2017,2006,11,north,water,0.7402,-2.2834,-2.0008,0.2419,1.9644,-0.0745,64.9,27,Jakob_Huber_Leonardo_Teixeira,49,49
X13_m_2018,13,7,Oebling,OEB,OEB-2006,5418241,4547375,2314,624.3,NA,0.119151212,NA,NA,NA,2018,2006,12,north,water,0.7402,-2.2834,-2.0008,0.2419,1.9644,-0.0745,63.4,24,Jakob_Huber,50,50
X13_m_2019,13,7,Oebling,OEB,OEB-2006,5418241,4547375,2314,624.3,NA,NA,-0.917655186,NA,NA,2019,2006,13,north,water,0.7402,-2.2834,-2.0008,0.2419,1.9644,-0.0745,122.7,30,Jakob_Huber_Linda_Weggler,51,51
X13_m_2021,13,7,Oebling,OEB,OEB-2006,5418241,4547375,2314,624.3,NA,NA,NA,-0.917655186,0.119151212,2021,2006,15,north,water,0.7402,-2.2834,-2.0008,0.2419,1.9644,-0.0745,72.3,27,Markus Bauer,52,52
X14_m_2017,14,7,Oebling,OEB,OEB-2006,5418234,4547375,2314,631.3,-0.91766615,NA,NA,NA,NA,2017,2006,11,south,land,0.698,-1.4548,-0.14,0.2419,1.9644,-0.0745,38.5,22,Jakob_Huber_Leonardo_Teixeira,53,53
X14_m_2018,14,7,Oebling,OEB,OEB-2006,5418234,4547375,2314,631.3,NA,0.119176295,NA,NA,NA,2018,2006,12,south,land,0.698,-1.4548,-0.14,0.2419,1.9644,-0.0745,27.6,17,Jakob_Huber,54,54
X14_m_2019,14,7,Oebling,OEB,OEB-2006,5418234,4547375,2314,631.3,NA,NA,-0.91766615,NA,NA,2019,2006,13,south,land,0.698,-1.4548,-0.14,0.2419,1.9644,-0.0745,81.2,21,Jakob_Huber_Linda_Weggler,55,55
X14_m_2021,14,7,Oebling,OEB,OEB-2006,5418234,4547375,2314,631.3,NA,NA,NA,-0.91766615,0.119176295,2021,2006,15,south,land,0.698,-1.4548,-0.14,0.2419,1.9644,-0.0745,49.1,22,Markus Bauer,56,56
X21_m_2017,21,11,Pfelling,PFE,PFE-2008,5415944,4555538,2305,484,-0.84066403,NA,NA,NA,NA,2017,2008,9,south,water,-0.7112,-0.669,0.7938,-0.7514,-0.1115,0.3944,129.3,15,Jakob_Huber_Simon_Reith_Jakob_Strak,81,81
X21_m_2018,21,11,Pfelling,PFE,PFE-2008,5415944,4555538,2305,484,NA,0.450261015,NA,NA,NA,2018,2008,10,south,water,-0.7112,-0.669,0.7938,-0.7514,-0.1115,0.3944,81.2,13,Jakob_Huber,82,82
X21_m_2019,21,11,Pfelling,PFE,PFE-2008,5415944,4555538,2305,484,NA,NA,-0.84066403,NA,NA,2019,2008,11,south,water,-0.7112,-0.669,0.7938,-0.7514,-0.1115,0.3944,98,23,Jakob_Huber_Linda_Weggler,83,83
X21_m_2021,21,11,Pfelling,PFE,PFE-2008,5415944,4555538,2305,484,NA,NA,NA,-0.84066403,0.450261015,2021,2008,13,south,water,-0.7112,-0.669,0.7938,-0.7514,-0.1115,0.3944,60.9,15,Markus Bauer,84,84
X22_m_2017,22,11,Pfelling,PFE,PFE-2008,5415946,4555531,2305,479,-0.840702677,NA,NA,NA,NA,2017,2008,9,north,land,0.415,-0.0607,1.0979,-0.7514,-0.1115,0.3944,52.5,19,Jakob_Huber_Simon_Reith_Jakob_Strak,85,85
X22_m_2018,22,11,Pfelling,PFE,PFE-2008,5415946,4555531,2305,479,NA,0.450256474,NA,NA,NA,2018,2008,10,north,land,0.415,-0.0607,1.0979,-0.7514,-0.1115,0.3944,51,15,Jakob_Huber,86,86
X22_m_2019,22,11,Pfelling,PFE,PFE-2008,5415946,4555531,2305,479,NA,NA,-0.840702677,NA,NA,2019,2008,11,north,land,0.415,-0.0607,1.0979,-0.7514,-0.1115,0.3944,101.2,21,Jakob_Huber_Linda_Weggler,87,87
X22_m_2021,22,11,Pfelling,PFE,PFE-2008,5415946,4555531,2305,479,NA,NA,NA,-0.840702677,0.450256474,2021,2008,13,north,land,0.415,-0.0607,1.0979,-0.7514,-0.1115,0.3944,33.8,16,Markus Bauer,88,88
X23_m_2017,23,12,Pfelling,PFE,PFE-2008,5416175,4555683,2305,730,-0.839997583,NA,NA,NA,NA,2017,2008,9,south,water,0.6912,-0.0516,0.8196,-0.7514,-0.1115,0.3944,64.3,27,Jakob_Huber_Simon_Reith_Jakob_Strak,89,89
X23_m_2018,23,12,Pfelling,PFE,PFE-2008,5416175,4555683,2305,730,NA,0.44985521,NA,NA,NA,2018,2008,10,south,water,0.6912,-0.0516,0.8196,-0.7514,-0.1115,0.3944,46.7,36,Jakob_Huber,90,90
X23_m_2019,23,12,Pfelling,PFE,PFE-2008,5416175,4555683,2305,730,NA,NA,-0.839997583,NA,NA,2019,2008,11,south,water,0.6912,-0.0516,0.8196,-0.7514,-0.1115,0.3944,81.5,41,Jakob_Huber_Linda_Weggler,91,91
X23_m_2021,23,12,Pfelling,PFE,PFE-2008,5416175,4555683,2305,730,NA,NA,NA,-0.839997583,0.44985521,2021,2008,13,south,water,0.6912,-0.0516,0.8196,-0.7514,-0.1115,0.3944,68.7,30,Markus Bauer,92,92
X24_m_2017,24,12,Pfelling,PFE,PFE-2008,5416180,4555677,2305,728,-0.840032481,NA,NA,NA,NA,2017,2008,9,north,land,0.5672,0.0244,1.02,-0.7514,-0.1115,0.3944,58.8,30,Jakob_Huber_Simon_Reith_Jakob_Strak,93,93
X24_m_2018,24,12,Pfelling,PFE,PFE-2008,5416180,4555677,2305,728,NA,0.449845421,NA,NA,NA,2018,2008,10,north,land,0.5672,0.0244,1.02,-0.7514,-0.1115,0.3944,56.1,24,Jakob_Huber,94,94
X24_m_2019,24,12,Pfelling,PFE,PFE-2008,5416180,4555677,2305,728,NA,NA,-0.840032481,NA,NA,2019,2008,11,north,land,0.5672,0.0244,1.02,-0.7514,-0.1115,0.3944,86.5,31,Jakob_Huber_Linda_Weggler,95,95
X24_m_2021,24,12,Pfelling,PFE,PFE-2008,5416180,4555677,2305,728,NA,NA,NA,-0.840032481,0.449845421,2021,2008,13,north,land,0.5672,0.0244,1.02,-0.7514,-0.1115,0.3944,69.5,25,Markus Bauer,96,96
X27_m_2017,27,14,Irlbach,IRL,IRL-2011,5412036,4554294,2301,1932.1,-0.752592835,NA,NA,NA,NA,2017,2011,6,north,water,-0.5712,-0.5229,1.4707,-0.2795,-0.2306,-0.9709,43.8,30,Jakob_Huber_Simon_Reith,105,105
X27_m_2018,27,14,Irlbach,IRL,IRL-2011,5412036,4554294,2301,1932.1,NA,0.602444301,NA,NA,NA,2018,2011,7,north,water,-0.5712,-0.5229,1.4707,-0.2795,-0.2306,-0.9709,78.9,30,Jakob_Huber,106,106
X27_m_2019,27,14,Irlbach,IRL,IRL-2011,5412036,4554294,2301,1932.1,NA,NA,-0.752592835,NA,NA,2019,2011,8,north,water,-0.5712,-0.5229,1.4707,-0.2795,-0.2306,-0.9709,98.7,33,Jakob_Huber_Linda_Weggler,107,107
X27_m_2021,27,14,Irlbach,IRL,IRL-2011,5412036,4554294,2301,1932.1,NA,NA,NA,-0.752592835,0.602444301,2021,2011,10,north,water,-0.5712,-0.5229,1.4707,-0.2795,-0.2306,-0.9709,80.6,37,Markus Bauer,108,108
X28_m_2017,28,14,Irlbach,IRL,IRL-2011,5412027,4554292,2301,1934.8,-0.752564863,NA,NA,NA,NA,2017,2011,6,south,land,-0.574,-0.409,0.9978,-0.2795,-0.2306,-0.9709,53,17,Jakob_Huber_Simon_Reith,109,109
X28_m_2018,28,14,Irlbach,IRL,IRL-2011,5412027,4554292,2301,1934.8,NA,0.602423549,NA,NA,NA,2018,2011,7,south,land,-0.574,-0.409,0.9978,-0.2795,-0.2306,-0.9709,66.4,13,Jakob_Huber,110,110
X28_m_2019,28,14,Irlbach,IRL,IRL-2011,5412027,4554292,2301,1934.8,NA,NA,-0.752564863,NA,NA,2019,2011,8,south,land,-0.574,-0.409,0.9978,-0.2795,-0.2306,-0.9709,89.2,15,Jakob_Huber_Linda_Weggler,111,111
X28_m_2021,28,14,Irlbach,IRL,IRL-2011,5412027,4554292,2301,1934.8,NA,NA,NA,-0.752564863,0.602423549,2021,2011,10,south,land,-0.574,-0.409,0.9978,-0.2795,-0.2306,-0.9709,58.4,14,Markus Bauer,112,112
X34_o_2017,34,17,Irlbach,IRL,IRL-2003,5412659,4555704,2301,516.4,-0.578308431,NA,NA,NA,NA,2017,2003,14,south,land,0.0251,0.0608,-0.6397,-0.2763,-0.9022,1.9349,38.8,19,Jakob_Huber_Simon_Reith_Jakob_Strak,133,133
X34_o_2018,34,17,Irlbach,IRL,IRL-2003,5412659,4555704,2301,516.4,NA,0.839210506,NA,NA,NA,2018,2003,15,south,land,0.0251,0.0608,-0.6397,-0.2763,-0.9022,1.9349,85.9,32,Jakob_Huber_Linda_Weggler_Laura_Baeumler,134,134
X34_o_2019,34,17,Irlbach,IRL,IRL-2003,5412659,4555704,2301,516.4,NA,NA,-0.578308431,NA,NA,2019,2003,16,south,land,0.0251,0.0608,-0.6397,-0.2763,-0.9022,1.9349,90.7,35,Jakob_Huber_Linda_Weggler,135,135
X34_o_2021,34,17,Irlbach,IRL,IRL-2003,5412659,4555704,2301,516.4,NA,NA,NA,-0.578308431,0.839210506,2021,2003,18,south,land,0.0251,0.0608,-0.6397,-0.2763,-0.9022,1.9349,36.8,12,Markus Bauer,136,136
X39_m_2017,39,20,Natternberg,NAT,NAT-2013,5411096,4567747,2287,480.6,1.293260167,NA,NA,NA,NA,2017,2013,4,north,water,-1.7667,-0.2672,-0.469,-0.3107,0.8715,0.8865,106.6,31,Jakob_Huber_Jakob_Strak,153,153
X39_m_2018,39,20,Natternberg,NAT,NAT-2013,5411096,4567747,2287,480.6,NA,0.982934038,NA,NA,NA,2018,2013,5,north,water,-1.7667,-0.2672,-0.469,-0.3107,0.8715,0.8865,147.1,32,Jakob_Huber,154,154
X39_m_2019,39,20,Natternberg,NAT,NAT-2013,5411096,4567747,2287,480.6,NA,NA,1.293260167,NA,NA,2019,2013,6,north,water,-1.7667,-0.2672,-0.469,-0.3107,0.8715,0.8865,142.9,39,Jakob_Huber_Linda_Weggler,155,155
X39_m_2021,39,20,Natternberg,NAT,NAT-2013,5411096,4567747,2287,480.6,NA,NA,NA,1.293260167,0.982934038,2021,2013,8,north,water,-1.7667,-0.2672,-0.469,-0.3107,0.8715,0.8865,128.7,27,Markus Bauer,156,156
X40_m_2017,40,20,Natternberg,NAT,NAT-2013,5411081,4567737,2287,498.6,1.260414691,NA,NA,NA,NA,2017,2013,4,south,land,0.2595,0.8512,-0.9844,-0.3107,0.8715,0.8865,51,25,Jakob_Huber_Jakob_Strak,157,157
X40_m_2018,40,20,Natternberg,NAT,NAT-2013,5411081,4567737,2287,498.6,NA,1.140496118,NA,NA,NA,2018,2013,5,south,land,0.2595,0.8512,-0.9844,-0.3107,0.8715,0.8865,96.5,29,Jakob_Huber,158,158
X40_m_2019,40,20,Natternberg,NAT,NAT-2013,5411081,4567737,2287,498.6,NA,NA,1.260414691,NA,NA,2019,2013,6,south,land,0.2595,0.8512,-0.9844,-0.3107,0.8715,0.8865,100.2,32,Jakob_Huber_Linda_Weggler,159,159
X40_m_2021,40,20,Natternberg,NAT,NAT-2013,5411081,4567737,2287,498.6,NA,NA,NA,1.260414691,1.140496118,2021,2013,8,south,land,0.2595,0.8512,-0.9844,-0.3107,0.8715,0.8865,102,29,Markus Bauer,160,160
X41_m_2017,41,21,Natternberg,NAT,NAT-2013,5410515,4568793,2286,440.8,1.295602365,NA,NA,NA,NA,2017,2013,4,north,water,-0.7066,-0.0099,-0.9289,-0.3107,0.8715,0.8865,144.1,26,Jakob_Huber_Simon_Reith_Jakob_Strak,161,161
X41_m_2018,41,21,Natternberg,NAT,NAT-2013,5410515,4568793,2286,440.8,NA,0.982117211,NA,NA,NA,2018,2013,5,north,water,-0.7066,-0.0099,-0.9289,-0.3107,0.8715,0.8865,97.1,27,Jakob_Huber,162,162
X41_m_2019,41,21,Natternberg,NAT,NAT-2013,5410515,4568793,2286,440.8,NA,NA,1.295602365,NA,NA,2019,2013,6,north,water,-0.7066,-0.0099,-0.9289,-0.3107,0.8715,0.8865,146.5,38,Jakob_Huber_Linda_Weggler,163,163
X41_m_2021,41,21,Natternberg,NAT,NAT-2013,5410515,4568793,2286,440.8,NA,NA,NA,1.295602365,0.982117211,2021,2013,8,north,water,-0.7066,-0.0099,-0.9289,-0.3107,0.8715,0.8865,137.4,20,Markus Bauer,164,164
X42_m_2017,42,21,Natternberg,NAT,NAT-2013,5410497,4568788,2286,458.5,1.295628202,NA,NA,NA,NA,2017,2013,4,south,land,-1.147,0.0464,-0.339,-0.3107,0.8715,0.8865,61.4,33,Jakob_Huber_Simon_Reith_Jakob_Strak,165,165
X42_m_2018,42,21,Natternberg,NAT,NAT-2013,5410497,4568788,2286,458.5,NA,0.982096082,NA,NA,NA,2018,2013,5,south,land,-1.147,0.0464,-0.339,-0.3107,0.8715,0.8865,61.4,24,Jakob_Huber,166,166
X42_m_2019,42,21,Natternberg,NAT,NAT-2013,5410497,4568788,2286,458.5,NA,NA,1.295628202,NA,NA,2019,2013,6,south,land,-1.147,0.0464,-0.339,-0.3107,0.8715,0.8865,111.2,28,Jakob_Huber_Linda_Weggler,167,167
X42_m_2021,42,21,Natternberg,NAT,NAT-2013,5410497,4568788,2286,458.5,NA,NA,NA,1.295628202,0.982096082,2021,2013,8,south,land,-1.147,0.0464,-0.339,-0.3107,0.8715,0.8865,70.4,22,Markus Bauer,168,168
X43_m_2017,43,22,Deggendorf_West,DEG,DEG-2007,5411573,4568255,2287,186.8,1.292851546,NA,NA,NA,NA,2017,2007,10,south,water,-0.8404,0.1698,0.0852,0.0508,-0.8398,0.8966,100.5,19,Jakob_Huber_Jakob_Strak,169,169
X43_m_2018,43,22,Deggendorf_West,DEG,DEG-2007,5411573,4568255,2287,186.8,NA,0.983177413,NA,NA,NA,2018,2007,11,south,water,-0.8404,0.1698,0.0852,0.0508,-0.8398,0.8966,87.2,18,Jakob_Huber,170,170
X43_m_2019,43,22,Deggendorf_West,DEG,DEG-2007,5411573,4568255,2287,186.8,NA,NA,1.292851546,NA,NA,2019,2007,12,south,water,-0.8404,0.1698,0.0852,0.0508,-0.8398,0.8966,66.9,21,Jakob_Huber_Linda_Weggler,171,171
X43_m_2021,43,22,Deggendorf_West,DEG,DEG-2007,5411573,4568255,2287,186.8,NA,NA,NA,1.292851546,0.983177413,2021,2007,14,south,water,-0.8404,0.1698,0.0852,0.0508,-0.8398,0.8966,73.1,13,Markus Bauer,172,172
X44_m_2017,44,22,Deggendorf_West,DEG,DEG-2007,5411582,4568262,2287,198.1,1.292836622,NA,NA,NA,NA,2017,2007,10,north,land,0.4377,0.7878,0.1938,0.0508,-0.8398,0.8966,55.2,29,Jakob_Huber_Jakob_Strak,173,173
X44_m_2018,44,22,Deggendorf_West,DEG,DEG-2007,5411582,4568262,2287,198.1,NA,0.983176624,NA,NA,NA,2018,2007,11,north,land,0.4377,0.7878,0.1938,0.0508,-0.8398,0.8966,127.5,22,Jakob_Huber,174,174
X44_m_2019,44,22,Deggendorf_West,DEG,DEG-2007,5411582,4568262,2287,198.1,NA,NA,1.292836622,NA,NA,2019,2007,12,north,land,0.4377,0.7878,0.1938,0.0508,-0.8398,0.8966,72.5,20,Jakob_Huber_Linda_Weggler,175,175
X44_m_2021,44,22,Deggendorf_West,DEG,DEG-2007,5411582,4568262,2287,198.1,NA,NA,NA,1.292836622,0.983176624,2021,2007,14,north,land,0.4377,0.7878,0.1938,0.0508,-0.8398,0.8966,55.5,25,Markus Bauer,176,176
X45_m_2017,45,23,Deggendorf_West,DEG,DEG-2007,5411360,4568677,2286,213.7,1.293807323,NA,NA,NA,NA,2017,2007,10,south,water,-0.3195,0.1839,-0.0236,0.0508,-0.8398,0.8966,71.9,25,Jakob_Huber_Jakob_Strak,177,177
X45_m_2018,45,23,Deggendorf_West,DEG,DEG-2007,5411360,4568677,2286,213.7,NA,0.98294334,NA,NA,NA,2018,2007,11,south,water,-0.3195,0.1839,-0.0236,0.0508,-0.8398,0.8966,71.3,17,Jakob_Huber,178,178
X45_m_2019,45,23,Deggendorf_West,DEG,DEG-2007,5411360,4568677,2286,213.7,NA,NA,1.293807323,NA,NA,2019,2007,12,south,water,-0.3195,0.1839,-0.0236,0.0508,-0.8398,0.8966,69.3,17,Jakob_Huber_Linda_Weggler,179,179
X45_m_2021,45,23,Deggendorf_West,DEG,DEG-2007,5411360,4568677,2286,213.7,NA,NA,NA,1.293807323,0.98294334,2021,2007,14,south,water,-0.3195,0.1839,-0.0236,0.0508,-0.8398,0.8966,63.8,11,Markus Bauer,180,180
X46_m_2017,46,23,Deggendorf_West,DEG,DEG-2007,5411372,4568682,2286,226.6,1.293782638,NA,NA,NA,NA,2017,2007,10,north,land,0.1217,0.5595,-0.8759,0.0508,-0.8398,0.8966,81.8,29,Jakob_Huber_Jakob_Strak,181,181
X46_m_2018,46,23,Deggendorf_West,DEG,DEG-2007,5411372,4568682,2286,226.6,NA,0.982943663,NA,NA,NA,2018,2007,11,north,land,0.1217,0.5595,-0.8759,0.0508,-0.8398,0.8966,61.2,20,Jakob_Huber,182,182
X46_m_2019,46,23,Deggendorf_West,DEG,DEG-2007,5411372,4568682,2286,226.6,NA,NA,1.293782638,NA,NA,2019,2007,12,north,land,0.1217,0.5595,-0.8759,0.0508,-0.8398,0.8966,84.5,20,Jakob_Huber_Linda_Weggler,183,183
X46_m_2021,46,23,Deggendorf_West,DEG,DEG-2007,5411372,4568682,2286,226.6,NA,NA,NA,1.293782638,0.982943663,2021,2007,14,north,land,0.1217,0.5595,-0.8759,0.0508,-0.8398,0.8966,76,22,Markus Bauer,184,184
X51_m_2017,51,26,Stoegermuehlbach,STO,STO-2002,5404855,4571060,2278,1318.5,1.385887826,NA,NA,NA,NA,2017,2002,15,south,water,-0.5363,0.5365,-0.6406,1.512,-0.647,-0.7922,44.2,42,Jakob_Huber_Simon_Reith_Jakob_Strak,201,201
X51_m_2018,51,26,Stoegermuehlbach,STO,STO-2002,5404855,4571060,2278,1318.5,NA,-0.117737608,NA,NA,NA,2018,2002,16,south,water,-0.5363,0.5365,-0.6406,1.512,-0.647,-0.7922,75.9,30,Jakob_Huber,202,202
X51_m_2019,51,26,Stoegermuehlbach,STO,STO-2002,5404855,4571060,2278,1318.5,NA,NA,1.385887826,NA,NA,2019,2002,17,south,water,-0.5363,0.5365,-0.6406,1.512,-0.647,-0.7922,90.5,33,Jakob_Huber_Linda_Weggler,203,203
X51_m_2021,51,26,Stoegermuehlbach,STO,STO-2002,5404855,4571060,2278,1318.5,NA,NA,NA,1.385887826,-0.117737608,2021,2002,19,south,water,-0.5363,0.5365,-0.6406,1.512,-0.647,-0.7922,53.9,25,Markus Bauer,204,204
X53_m_2017,53,27,Stoegermuehlbach,STO,STO-2002,5404794,4570793,2278,1133.9,1.385932736,NA,NA,NA,NA,2017,2002,15,south,water,-1.4063,0.4311,0.1999,1.512,-0.647,-0.7922,86.1,28,Jakob_Huber,209,209
X53_m_2018,53,27,Stoegermuehlbach,STO,STO-2002,5404794,4570793,2278,1133.9,NA,-0.116634753,NA,NA,NA,2018,2002,16,south,water,-1.4063,0.4311,0.1999,1.512,-0.647,-0.7922,68.4,13,Jakob_Huber,210,210
X53_m_2019,53,27,Stoegermuehlbach,STO,STO-2002,5404794,4570793,2278,1133.9,NA,NA,1.385932736,NA,NA,2019,2002,17,south,water,-1.4063,0.4311,0.1999,1.512,-0.647,-0.7922,69.6,29,Jakob_Huber_Linda_Weggler,211,211
X53_m_2021,53,27,Stoegermuehlbach,STO,STO-2002,5404794,4570793,2278,1133.9,NA,NA,NA,1.385932736,-0.116634753,2021,2002,19,south,water,-1.4063,0.4311,0.1999,1.512,-0.647,-0.7922,46.5,16,Markus Bauer,212,212
X54_m_2017,54,27,Stoegermuehlbach,STO,STO-2002,5404803,4570789,2278,1125.5,1.385961332,NA,NA,NA,NA,2017,2002,15,north,land,-0.9746,0.4349,1.1187,1.512,-0.647,-0.7922,61.1,29,Jakob_Huber_Simon_Reith_Jakob_Strak,213,213
X54_m_2018,54,27,Stoegermuehlbach,STO,STO-2002,5404803,4570789,2278,1125.5,NA,-0.116471688,NA,NA,NA,2018,2002,16,north,land,-0.9746,0.4349,1.1187,1.512,-0.647,-0.7922,90.4,29,Jakob_Huber,214,214
X54_m_2019,54,27,Stoegermuehlbach,STO,STO-2002,5404803,4570789,2278,1125.5,NA,NA,1.385961332,NA,NA,2019,2002,17,north,land,-0.9746,0.4349,1.1187,1.512,-0.647,-0.7922,55.3,25,Jakob_Huber_Linda_Weggler,215,215
X54_m_2021,54,27,Stoegermuehlbach,STO,STO-2002,5404803,4570789,2278,1125.5,NA,NA,NA,1.385961332,-0.116471688,2021,2002,19,north,land,-0.9746,0.4349,1.1187,1.512,-0.647,-0.7922,46.1,33,Markus Bauer,216,216
X55_m_2017,55,28,Hofkirchen,HOF,HOF-2012,5393648,4582311,2256,182.4,0.401468803,NA,NA,NA,NA,2017,2012,5,south,water,0.1499,-2.0227,-0.5676,1.1355,-0.0252,0.6262,66.2,26,Jakob_Huber_Simon_Reith_Jakob_Strak,217,217
X55_m_2018,55,28,Hofkirchen,HOF,HOF-2012,5393648,4582311,2256,182.4,NA,-2.616905071,NA,NA,NA,2018,2012,6,south,water,0.1499,-2.0227,-0.5676,1.1355,-0.0252,0.6262,105.5,21,Jakob_Huber,218,218
X55_m_2019,55,28,Hofkirchen,HOF,HOF-2012,5393648,4582311,2256,182.4,NA,NA,0.401468803,NA,NA,2019,2012,7,south,water,0.1499,-2.0227,-0.5676,1.1355,-0.0252,0.6262,128,35,Jakob_Huber_Linda_Weggler,219,219
X55_m_2021,55,28,Hofkirchen,HOF,HOF-2012,5393648,4582311,2256,182.4,NA,NA,NA,0.401468803,-2.616905071,2021,2012,9,south,water,0.1499,-2.0227,-0.5676,1.1355,-0.0252,0.6262,88.4,28,Markus Bauer,220,220
X56_m_2017,56,28,Hofkirchen,HOF,HOF-2012,5393656,4582309,2256,180.6,0.401472999,NA,NA,NA,NA,2017,2012,5,north,land,0.3274,-0.9129,0.0657,1.1355,-0.0252,0.6262,45.4,40,Jakob_Huber_Simon_Reith_Jakob_Strak,221,221
X56_m_2018,56,28,Hofkirchen,HOF,HOF-2012,5393656,4582309,2256,180.6,NA,-2.61695176,NA,NA,NA,2018,2012,6,north,land,0.3274,-0.9129,0.0657,1.1355,-0.0252,0.6262,81,33,Jakob_Huber,222,222
X56_m_2019,56,28,Hofkirchen,HOF,HOF-2012,5393656,4582309,2256,180.6,NA,NA,0.401472999,NA,NA,2019,2012,7,north,land,0.3274,-0.9129,0.0657,1.1355,-0.0252,0.6262,146.5,33,Jakob_Huber_Linda_Weggler,223,223
X56_m_2021,56,28,Hofkirchen,HOF,HOF-2012,5393656,4582309,2256,180.6,NA,NA,NA,0.401472999,-2.61695176,2021,2012,9,north,land,0.3274,-0.9129,0.0657,1.1355,-0.0252,0.6262,112.6,38,Markus Bauer,224,224
X61_o_2017,61,31,Muehlheim-Ruckasing,MUE,MUE-2007,5398153,4575179,2269,70.1,0.81198267,NA,NA,NA,NA,2017,2007,10,north,water,0.1075,0.5728,-0.2535,0.0508,-0.8398,0.8966,80.6,29,Jakob_Huber_Simon_Reith_Jakob_Strak,241,241
X61_o_2018,61,31,Muehlheim-Ruckasing,MUE,MUE-2007,5398153,4575179,2269,70.1,NA,-2.734300898,NA,NA,NA,2018,2007,11,north,water,0.1075,0.5728,-0.2535,0.0508,-0.8398,0.8966,103.5,29,Jakob_Huber,242,242
X61_o_2019,61,31,Muehlheim-Ruckasing,MUE,MUE-2007,5398153,4575179,2269,70.1,NA,NA,0.81198267,NA,NA,2019,2007,12,north,water,0.1075,0.5728,-0.2535,0.0508,-0.8398,0.8966,96.5,36,Jakob_Huber_Linda_Weggler,243,243
X61_o_2021,61,31,Muehlheim-Ruckasing,MUE,MUE-2007,5398153,4575179,2269,70.1,NA,NA,NA,0.81198267,-2.734300898,2021,2007,14,north,water,0.1075,0.5728,-0.2535,0.0508,-0.8398,0.8966,103.8,33,Markus Bauer,244,244
X62_m_2017,62,31,Muehlheim-Ruckasing,MUE,MUE-2007,5398141,4575175,2269,81.5,0.811959824,NA,NA,NA,NA,2017,2007,10,south,land,0.7871,0.4037,0.0939,0.0508,-0.8398,0.8966,58.2,19,Jakob_Huber,245,245
X62_m_2018,62,31,Muehlheim-Ruckasing,MUE,MUE-2007,5398141,4575175,2269,81.5,NA,-2.734316717,NA,NA,NA,2018,2007,11,south,land,0.7871,0.4037,0.0939,0.0508,-0.8398,0.8966,75.2,18,Jakob_Huber,246,246
X62_m_2019,62,31,Muehlheim-Ruckasing,MUE,MUE-2007,5398141,4575175,2269,81.5,NA,NA,0.811959824,NA,NA,2019,2007,12,south,land,0.7871,0.4037,0.0939,0.0508,-0.8398,0.8966,75.1,21,Jakob_Huber_Linda_Weggler,247,247
X62_m_2021,62,31,Muehlheim-Ruckasing,MUE,MUE-2007,5398141,4575175,2269,81.5,NA,NA,NA,0.811959824,-2.734316717,2021,2007,14,south,land,0.7871,0.4037,0.0939,0.0508,-0.8398,0.8966,43.4,14,Markus Bauer,248,248
X63_m_2017,63,32,Parkstetten-Reibersdorf,PAR,PAR-2008,5418240,4543373,2319,109.8,-0.550423616,NA,NA,NA,NA,2017,2008,9,south,water,0.1487,0.7664,-0.6738,-0.7514,-0.1115,0.3944,65.8,33,Jakob_Huber_Jakob_Strak,249,249
X63_m_2018,63,32,Parkstetten-Reibersdorf,PAR,PAR-2008,5418240,4543373,2319,109.8,NA,-0.745903135,NA,NA,NA,2018,2008,10,south,water,0.1487,0.7664,-0.6738,-0.7514,-0.1115,0.3944,99.3,35,Jakob_Huber,250,250
X63_m_2019,63,32,Parkstetten-Reibersdorf,PAR,PAR-2008,5418240,4543373,2319,109.8,NA,NA,-0.550423616,NA,NA,2019,2008,11,south,water,0.1487,0.7664,-0.6738,-0.7514,-0.1115,0.3944,93.5,38,Jakob_Huber_Linda_Weggler,251,251
X63_m_2021,63,32,Parkstetten-Reibersdorf,PAR,PAR-2008,5418240,4543373,2319,109.8,NA,NA,NA,-0.550423616,-0.745903135,2021,2008,13,south,water,0.1487,0.7664,-0.6738,-0.7514,-0.1115,0.3944,86.6,22,Markus Bauer,252,252
X64_m_2017,64,32,Parkstetten-Reibersdorf,PAR,PAR-2008,5418247,4543362,2319,122.8,-0.550393767,NA,NA,NA,NA,2017,2008,9,north,land,2.2407,0.7158,0.106,-0.7514,-0.1115,0.3944,28.7,37,Jakob_Huber_Simon_Reith_Jakob_Strak,253,253
X64_m_2018,64,32,Parkstetten-Reibersdorf,PAR,PAR-2008,5418247,4543362,2319,122.8,NA,-0.745917013,NA,NA,NA,2018,2008,10,north,land,2.2407,0.7158,0.106,-0.7514,-0.1115,0.3944,56,32,Jakob_Huber,254,254
X64_m_2019,64,32,Parkstetten-Reibersdorf,PAR,PAR-2008,5418247,4543362,2319,122.8,NA,NA,-0.550393767,NA,NA,2019,2008,11,north,land,2.2407,0.7158,0.106,-0.7514,-0.1115,0.3944,63.9,37,Jakob_Huber_Linda_Weggler,255,255
X64_m_2021,64,32,Parkstetten-Reibersdorf,PAR,PAR-2008,5418247,4543362,2319,122.8,NA,NA,NA,-0.550393767,-0.745917013,2021,2008,13,north,land,2.2407,0.7158,0.106,-0.7514,-0.1115,0.3944,59.9,38,Markus Bauer,256,256
X65_m_2017,65,33,Stoegermuehlbach,STO,STO-2002,5405220,4572285,2278,1726.1,1.384961604,NA,NA,NA,NA,2017,2002,15,south,land,0.1964,-0.0403,-0.9718,1.512,-0.647,-0.7922,84.8,29,Jakob_Huber_Simon_Reith_Jakob_Strak,257,257
X65_m_2018,65,33,Stoegermuehlbach,STO,STO-2002,5405220,4572285,2278,1726.1,NA,-0.121868103,NA,NA,NA,2018,2002,16,south,land,0.1964,-0.0403,-0.9718,1.512,-0.647,-0.7922,87.1,26,Jakob_Huber,258,258
X65_m_2019,65,33,Stoegermuehlbach,STO,STO-2002,5405220,4572285,2278,1726.1,NA,NA,1.384961604,NA,NA,2019,2002,17,south,land,0.1964,-0.0403,-0.9718,1.512,-0.647,-0.7922,130.2,36,Jakob_Huber_Linda_Weggler,259,259
X65_m_2021,65,33,Stoegermuehlbach,STO,STO-2002,5405220,4572285,2278,1726.1,NA,NA,NA,1.384961604,-0.121868103,2021,2002,19,south,land,0.1964,-0.0403,-0.9718,1.512,-0.647,-0.7922,101.8,27,Markus Bauer,260,260
X66_m_2017,66,33,Stoegermuehlbach,STO,STO-2002,5405229,4572279,2278,1723,1.384996537,NA,NA,NA,NA,2017,2002,15,north,water,0.2249,-0.044,-1.0837,1.512,-0.647,-0.7922,105.9,22,Jakob_Huber_Simon_Reith_Jakob_Strak,261,261
X66_m_2018,66,33,Stoegermuehlbach,STO,STO-2002,5405229,4572279,2278,1723,NA,-0.121688407,NA,NA,NA,2018,2002,16,north,water,0.2249,-0.044,-1.0837,1.512,-0.647,-0.7922,50.9,28,Jakob_Huber,262,262
X66_m_2019,66,33,Stoegermuehlbach,STO,STO-2002,5405229,4572279,2278,1723,NA,NA,1.384996537,NA,NA,2019,2002,17,north,water,0.2249,-0.044,-1.0837,1.512,-0.647,-0.7922,113.9,36,Jakob_Huber_Linda_Weggler,263,263
X66_m_2021,66,33,Stoegermuehlbach,STO,STO-2002,5405229,4572279,2278,1723,NA,NA,NA,1.384996537,-0.121688407,2021,2002,19,north,water,0.2249,-0.044,-1.0837,1.512,-0.647,-0.7922,86.5,28,Markus Bauer,264,264
X67_o_2017,67,34,Pfelling,PFE,PFE-2008,5415826,4555183,2305,120.3,-0.905025032,NA,NA,NA,NA,2017,2008,9,south,water,-0.4759,0.0589,-0.1642,-0.7514,-0.1115,0.3944,64.5,43,Jakob_Huber_Simon_Reith_Jakob_Strak,265,265
X67_o_2018,67,34,Pfelling,PFE,PFE-2008,5415826,4555183,2305,120.3,NA,0.170004634,NA,NA,NA,2018,2008,10,south,water,-0.4759,0.0589,-0.1642,-0.7514,-0.1115,0.3944,70.3,30,Jakob_Huber,266,266
X67_o_2019,67,34,Pfelling,PFE,PFE-2008,5415826,4555183,2305,120.3,NA,NA,-0.905025032,NA,NA,2019,2008,11,south,water,-0.4759,0.0589,-0.1642,-0.7514,-0.1115,0.3944,129.8,39,Jakob_Huber_Linda_Weggler,267,267
X67_o_2021,67,34,Pfelling,PFE,PFE-2008,5415826,4555183,2305,120.3,NA,NA,NA,-0.905025032,0.170004634,2021,2008,13,south,water,-0.4759,0.0589,-0.1642,-0.7514,-0.1115,0.3944,67.1,28,Markus Bauer,268,268
X68_m_2017,68,34,Pfelling,PFE,PFE-2008,5415833,4555191,2305,131,-0.904985686,NA,NA,NA,NA,2017,2008,9,north,land,0.5285,0.2463,0.5791,-0.7514,-0.1115,0.3944,55.3,23,Jakob_Huber_Simon_Reith_Jakob_Strak,269,269
X68_m_2018,68,34,Pfelling,PFE,PFE-2008,5415833,4555191,2305,131,NA,0.170016423,NA,NA,NA,2018,2008,10,north,land,0.5285,0.2463,0.5791,-0.7514,-0.1115,0.3944,55.3,23,Jakob_Huber,270,270
X68_m_2019,68,34,Pfelling,PFE,PFE-2008,5415833,4555191,2305,131,NA,NA,-0.904985686,NA,NA,2019,2008,11,north,land,0.5285,0.2463,0.5791,-0.7514,-0.1115,0.3944,98.1,33,Jakob_Huber_Linda_Weggler,271,271
X68_m_2021,68,34,Pfelling,PFE,PFE-2008,5415833,4555191,2305,131,NA,NA,NA,-0.904985686,0.170016423,2021,2008,13,north,land,0.5285,0.2463,0.5791,-0.7514,-0.1115,0.3944,29.1,19,Markus Bauer,272,272
X70_m_2017,70,35,Irlbach,IRL,IRL-2011,5412675,4554990,2301,1228,-0.752320051,NA,NA,NA,NA,2017,2011,6,south,land,0.5942,0.1627,0.4779,-0.2795,-0.2306,-0.9709,41.6,10,Jakob_Huber,277,277
X70_m_2018,70,35,Irlbach,IRL,IRL-2011,5412675,4554990,2301,1228,NA,0.603339626,NA,NA,NA,2018,2011,7,south,land,0.5942,0.1627,0.4779,-0.2795,-0.2306,-0.9709,48.8,12,Jakob_Huber,278,278
X70_m_2019,70,35,Irlbach,IRL,IRL-2011,5412675,4554990,2301,1228,NA,NA,-0.752320051,NA,NA,2019,2011,8,south,land,0.5942,0.1627,0.4779,-0.2795,-0.2306,-0.9709,65.3,15,Jakob_Huber_Linda_Weggler,279,279
X70_m_2021,70,35,Irlbach,IRL,IRL-2011,5412675,4554990,2301,1228,NA,NA,NA,-0.752320051,0.603339626,2021,2011,10,south,land,0.5942,0.1627,0.4779,-0.2795,-0.2306,-0.9709,31.1,12,Markus Bauer,280,280
